Name,Usage,Type,SubType,Material Density,Elastic Modulus,Poisson Ratio,Material CTE,Fatigue Exponent,Fatigue Coefficient,Thermal Conductivity,Tg,Shape Factor,Material Class,Fracture Strength,Created By,Modified By,Notes
3M DP270,POTTING,ELASTIC,ISO,1.15E-09,1337.6,0.44,"8E-5@-40C, 8E-5@49C, 1.8E-4@49.1C, 1.8E-4@200C",-8.60E-02,3.20E-03,0.3,,,POLYMER,,"ANSYS, Inc.",UIA69701 @ 2018-05-25 11:11:29,
AAA,POTTING,ELASTIC,ISO,1.66E-09,"115000@-20C, 115000@20C, 110000@100C, 100000@140C",0.3,9.00E-06,-8.60E-02,3.20E-03,0.3,95,,ALLOY,,"ANSYS, Inc.",VKQT38 @ 2019-07-24 10:19:13,
ALLOY42,LEAD / PAD,ELASTIC,ISO,8.10E-09,145000,0.25,4.50E-06,-7.00E-02,5.00E-03,10.5,,,ALLOY,,"ANSYS, Inc.","ANSYS, Inc.",
ALTEMATED PEBAX 45% FILL,LEAD / PAD / POTTING / DIE,ELASTIC,ISO,1.20E-09,"100@-40C, 13@25C, 13@140C",0.35,"1.25E-4@-40C, 1.25E-4@130C",-8.60E-02,3.20E-03,0.3,,,ALLOY,,"ANSYS, Inc.",UIA69701 @ 2018-06-21 13:15:03,
ALUMINA,PAD,ELASTIC,ISO,3.65E-09,300000,0.21,6.80E-06,-8.60E-02,3.20E-03,35,,,CERAMIC,3.45E+02,"ANSYS, Inc.",VKQT38 @ 2019-02-07 14:56:33,
ALUMINA  (KYOCERA A440),,ELASTIC,ISO,3.65E-09,310000,0.21,7.10E-06,-8.60E-02,3.20E-03,14,,,CERAMIC,3.45E+02,"ANSYS, Inc.","ANSYS, Inc.",
ALUMINA  (KYOCERA A443),,ELASTIC,ISO,3.65E-09,310000,0.21,6.90E-06,-8.60E-02,3.20E-03,18,,,CERAMIC,3.45E+02,"ANSYS, Inc.","ANSYS, Inc.",
ALUMINA (KYOCERA A473),,ELASTIC,ISO,3.65E-09,270000,0.21,6.90E-06,-8.60E-02,3.20E-03,18,,,CERAMIC,3.45E+02,"ANSYS, Inc.","ANSYS, Inc.",
ALUMINA (KYOCERA AO610W),,ELASTIC,ISO,3.65E-09,281000,0.21,6.90E-06,-8.60E-02,3.20E-03,17,,,CERAMIC,3.45E+02,"ANSYS, Inc.","ANSYS, Inc.",
ALUMINA (KYOCERA AO630),,ELASTIC,ISO,3.65E-09,275000,0.21,7.00E-06,-8.60E-02,3.20E-03,16,,,CERAMIC,3.45E+02,"ANSYS, Inc.","ANSYS, Inc.",
ALUMINA (KYOCERA AO700),,ELASTIC,ISO,3.65E-09,315000,0.21,7.20E-06,-8.60E-02,3.20E-03,21,,,CERAMIC,3.45E+02,"ANSYS, Inc.","ANSYS, Inc.",
ALUMINA (KYOCERA AO800),,ELASTIC,ISO,3.65E-09,300000,0.21,7.50E-06,-8.60E-02,3.20E-03,16,,,CERAMIC,3.45E+02,"ANSYS, Inc.","ANSYS, Inc.",
ALUMINA (SAFFIL),FIBER,ELASTIC,ISO,3.40E-09,315000,0.265,8.00E-06,-8.60E-02,3.20E-03,18,,,CERAMIC,3.00E+02,"ANSYS, Inc.","ANSYS, Inc.",
ALUMINUM,LEAD / PAD / HEATSINK / WIREBOND,ELASTIC,ISO,2.70E-09,80000,0.33,2.40E-05,1.20E-01,3.40E-03,237,,,ALLOY,2.41E+02,"ANSYS, Inc.","ANSYS, Inc.",
ARLON 92ML,DIE,ELASTIC,ISO,1.60E-09,18000,0.33,2.00E-05,-8.60E-02,3.20E-03,2.5,160,,POLYMER,,"ANSYS, Inc.","ANSYS, Inc.",
BARIUMTITANATE,,ELASTIC,ISO,6.02E-09,67000,0.28,9.50E-06,-8.60E-02,3.20E-03,6,,,CERAMIC,3.00E+01,"ANSYS, Inc.","ANSYS, Inc.",
BECTRON PL4122,POTTING,ELASTIC,ISO,8.60E-10,"1600@-40C, 1320@0C, 1120@25C, 800@50C, 680@60C, 200@90C, 0@100C, 0@130C",0.49,"1E-4@-40C, 1E-4@5C, 2.6E-4@6C, 2.6E-4@130C",-8.60E-02,3.20E-03,0.3,,,POLYMER,,"ANSYS, Inc.",UIA69701 @ 2018-05-25 10:20:04,
BERGQUIST CML,DIE,ELASTIC,ISO,1.60E-09,18000,0.33,3.00E-05,-8.60E-02,3.20E-03,4.1,90,,POLYMER,,"ANSYS, Inc.","ANSYS, Inc.",
BERGQUIST HT,DIE,ELASTIC,ISO,1.60E-09,15000,0.33,2.50E-05,-8.60E-02,3.20E-03,4.1,150,,POLYMER,,"ANSYS, Inc.","ANSYS, Inc.",
BERGQUIST MP,DIE,ELASTIC,ISO,1.60E-09,12000,0.33,4.00E-05,-8.60E-02,3.20E-03,2.4,90,,POLYMER,,"ANSYS, Inc.","ANSYS, Inc.",
BGA84,LEAD / PAD / WIREBOND / POTTING / DIE,ELASTIC,ISO,2.21E-09,"36000@-50C, 34000@10C, 32000@70C, 28000@105C, 23000@110C, 6000@130C, 3500@150C, 2000@210C",0.38,"9.6E-6@99.1C, 2.76E-5@100.1C",-8.60E-02,3.20E-03,0.3,100,,ALLOY,,"ANSYS, Inc.",UIA69701 @ 2018-08-01 13:07:56,
BRASS,LEAD / PAD,ELASTIC,ISO,8.49E-09,140000,0.34,2.05E-05,-1.20E-01,4.50E-03,115,,,ALLOY,,"ANSYS, Inc.","ANSYS, Inc.",
C0603_96,,ELASTIC,ISO,6.02E-09,67000,0.28,9.60E-06,-8.60E-02,3.20E-03,6,,,CERAMIC,3.00E+01,"ANSYS, Inc.",VKQT38 @ 2019-09-20 14:32:31,
C0603_1012,,ELASTIC,ISO,6.02E-09,67000,0.28,1.01E-05,-8.60E-02,3.20E-03,6,,,CERAMIC,3.00E+01,"ANSYS, Inc.",VKQT38 @ 2019-09-20 14:31:57,
C0805_94,,ELASTIC,ISO,6.02E-09,67000,0.28,9.40E-06,-8.60E-02,3.20E-03,6,,,CERAMIC,3.00E+01,"ANSYS, Inc.",VKQT38 @ 2019-09-20 14:31:15,
C0805_107,,ELASTIC,ISO,6.02E-09,67000,0.28,1.07E-05,-8.60E-02,3.20E-03,6,,,CERAMIC,3.00E+01,"ANSYS, Inc.",VKQT38 @ 2019-09-20 14:30:35,
CALCIUM ZIRCONATE,,ELASTIC,ISO,5.10E-09,200000,0.28,8.60E-06,-8.60E-02,3.20E-03,,,,CERAMIC,3.00E+01,"ANSYS, Inc.","ANSYS, Inc.",
COOKSON SMTB1,,ELASTIC,ISO,1.90E-09,12700,0.3,1.85E-05,-8.60E-02,3.20E-03,0.5,205,,POLYMER,,"ANSYS, Inc.","ANSYS, Inc.",
COPPER,LEAD / PAD / POTTING / FILL / PLATING,ELASTIC,ISO,8.90E-09,113000,0.34,1.76E-05,-8.60E-02,3.20E-03,385,,,ALLOY,7.00E+01,"ANSYS, Inc.",VKQT38 @ 2018-08-20 14:13:40,
COPPER-RESIN,RESIN,ELASTIC,ISO,1.80E-09,3500,0.3,5.00E-05,-8.60E-02,3.20E-03,0.3,,,POLYMER,,"ANSYS, Inc.","ANSYS, Inc.",
DEFAULT,,ELASTIC,ISO,1.66E-09,20000,0.3,1.50E-05,-8.60E-02,3.20E-03,0.3,,,,,"ANSYS, Inc.","ANSYS, Inc.",
DOW CORNING 3-6265 HP,POTTING,ELASTIC,ISO,1.33E-09,20000,0.3,2.25E-04,-8.60E-02,3.20E-03,0.3,,,POLYMER,,"ANSYS, Inc.",UIA69701 @ 2018-05-25 10:26:08,
DOW CORNING 3-6876,POTTING,ELASTIC,ISO,1.31E-09,0.3,0.4,3.25E-04,-8.60E-02,3.20E-03,0.3,,,POLYMER,,"ANSYS, Inc.",UIA69701 @ 2018-05-25 10:26:21,
DOW CORNING 7091,POTTING,ELASTIC,ISO,1.40E-09,20000,0.3,1.50E-05,-8.60E-02,3.20E-03,0.3,,,POLYMER,,"ANSYS, Inc.",UIA69701 @ 2018-05-25 10:25:55,
E-GLASS,FIBER,ELASTIC,ISO,2.58E-09,73770,0.22,5.00E-06,-8.60E-02,3.20E-03,1.25,,,CERAMIC,1.50E+03,"ANSYS, Inc.","ANSYS, Inc.",
ELK,LEAD / PAD,ELASTIC,ISO,8.90E-09,10000,0.2,6.50E-06,-8.60E-02,3.20E-03,385,,,ALLOY,,"ANSYS, Inc.",shoetzel @ 2020-08-21 14:06:47,
EPOXYENCAPSULANT,,ELASTIC,ISO,1.80E-09,11700,0.3,2.30E-05,-8.60E-02,3.20E-03,0.3,,,POLYMER,1.50E+01,"ANSYS, Inc.","ANSYS, Inc.",
FERRITE,DIE,ELASTIC,ISO,7.87E-09,90000,0.29,1.20E-05,-8.60E-02,3.20E-03,5,,,CERAMIC,,"ANSYS, Inc.",shoetzel @ 2020-07-01 16:31:12,
FERRITE_COIL,DIE,ELASTIC,ISO,2.10E-09,90000,0.29,1.20E-05,-8.60E-02,3.20E-03,5,,,CERAMIC,,shoetzel @ 2020-07-01 16:31:12,shoetzel @ 2020-09-11 08:57:14,
FR4,,ELASTIC,ISO,1.91E-09,18615,0.13,1.50E-05,-8.60E-02,3.20E-03,0.35,120,,POLYMER,,"ANSYS, Inc.","ANSYS, Inc.",
GAP FILLER 1500,PAD / POTTING,ELASTIC,ISO,2.70E-09,100,0.4,3.66E-04,-8.60E-02,3.20E-03,2,,,POLYMER,,"ANSYS, Inc.",VKQT38 @ 2019-01-31 16:57:09,
GE 3280 TCA,PAD,ELASTIC,ISO,2.13E-09,"1@-40C, 0.6@25C, 0.5@125C",0.48,1.78E-04,-8.60E-02,3.20E-03,0.3,,,POLYMER,,"ANSYS, Inc.",UIA69701 @ 2018-07-11 08:56:16,
GLASS,,ELASTIC,ISO,2.40E-09,48000,0.2,9.00E-06,-8.60E-02,3.20E-03,0.8,,,CERAMIC,,"ANSYS, Inc.","ANSYS, Inc.",
GOLD,LEAD / PAD / WIREBOND,ELASTIC,ISO,1.93E-08,90000,0.42,1.76E-05,-1.15E-01,3.89E-03,314,,,ALLOY,,"ANSYS, Inc.","ANSYS, Inc.",
HENKEL 1172,LEAD / PAD / POTTING / DIE,ELASTIC,ISO,1.68E-09,"13900@-40C, 11800@25C, 6630@125C, 4480@150C",0.35,"2.6E-5@-40C, 2.6E-5@130C, 7.4E-5@160C",-8.60E-02,3.20E-03,0.3,135,,POLYMER,,"ANSYS, Inc.",UIA69701 @ 2018-07-25 14:11:17,
HENKEL FILM,LEAD / PAD / POTTING / DIE,ELASTIC,ISO,1.20E-09,"100@-40C, 76@25C, 10@140C",0.35,"1.35E-4@-40C, 1.36E-4@130C",-8.60E-02,3.20E-03,0.3,,,ALLOY,,"ANSYS, Inc.",UIA69701 @ 2018-06-21 13:16:25,
HENKEL HYSOL GR15F-1,,ELASTIC,ISO,1.90E-09,12500,0.3,1.80E-05,-8.60E-02,3.20E-03,0.07,210,,POLYMER,,"ANSYS, Inc.","ANSYS, Inc.",
HENKEL HYSOL GR15F-A,,ELASTIC,ISO,1.90E-09,23000,0.3,1.00E-05,-8.60E-02,3.20E-03,2,185,,POLYMER,,"ANSYS, Inc.","ANSYS, Inc.",
HENKEL HYSOL GR360A-F8,,ELASTIC,ISO,1.90E-09,17100,0.3,1.60E-05,-8.60E-02,3.20E-03,0.9,170,,POLYMER,,"ANSYS, Inc.","ANSYS, Inc.",
HENKEL HYSOL GR640HV,,ELASTIC,ISO,1.90E-09,17100,0.3,1.60E-05,-8.60E-02,3.20E-03,0.9,155,,POLYMER,,"ANSYS, Inc.","ANSYS, Inc.",
HENKEL HYSOL GR725LV,,ELASTIC,ISO,1.90E-09,19600,0.3,1.00E-05,-8.60E-02,3.20E-03,1.3,135,,POLYMER,,"ANSYS, Inc.","ANSYS, Inc.",
HENKEL HYSOL GR750,,ELASTIC,ISO,1.90E-09,19700,0.3,2.30E-05,-8.60E-02,3.20E-03,2.1,165,,POLYMER,,"ANSYS, Inc.","ANSYS, Inc.",
HENKEL HYSOL GR828D,,ELASTIC,ISO,1.90E-09,25000,0.3,9.00E-06,-8.60E-02,3.20E-03,1,140,,POLYMER,,"ANSYS, Inc.","ANSYS, Inc.",
HENKEL HYSOL GR828HS,,ELASTIC,ISO,1.90E-09,16000,0.3,1.20E-05,-8.60E-02,3.20E-03,0.7,135,,POLYMER,,"ANSYS, Inc.","ANSYS, Inc.",
HENKEL HYSOL GR9810-1,,ELASTIC,ISO,1.90E-09,23000,0.3,1.00E-05,-8.60E-02,3.20E-03,2,200,,POLYMER,,"ANSYS, Inc.","ANSYS, Inc.",
HENKEL HYSOL GR9810-1P,,ELASTIC,ISO,1.90E-09,26000,0.3,1.10E-05,-8.60E-02,3.20E-03,1.5,185,,POLYMER,,"ANSYS, Inc.","ANSYS, Inc.",
HENKEL HYSOL GR9820-1,,ELASTIC,ISO,1.90E-09,26000,0.3,1.10E-05,-8.60E-02,3.20E-03,1.5,200,,POLYMER,,"ANSYS, Inc.","ANSYS, Inc.",
HENKEL HYSOL GR9851M,,ELASTIC,ISO,1.90E-09,23000,0.3,1.00E-05,-8.60E-02,3.20E-03,2,205,,POLYMER,,"ANSYS, Inc.","ANSYS, Inc.",
HENKEL HYSOL HUAWEI KL1000-3LX,,ELASTIC,ISO,1.90E-09,13500,0.3,2.40E-05,-8.60E-02,3.20E-03,1.3,170,,POLYMER,,"ANSYS, Inc.","ANSYS, Inc.",
HENKEL HYSOL HUAWEI KL1000-3NP,,ELASTIC,ISO,1.90E-09,13300,0.3,2.50E-05,-8.60E-02,3.20E-03,1.45,177,,POLYMER,,"ANSYS, Inc.","ANSYS, Inc.",
HENKEL HYSOL HUAWEI KL1000-4T,,ELASTIC,ISO,1.90E-09,17000,0.3,2.40E-05,-8.60E-02,3.20E-03,1.3,165,,POLYMER,,"ANSYS, Inc.","ANSYS, Inc.",
HENKEL HYSOL HUAWEI KL2500-1K,,ELASTIC,ISO,1.90E-09,16000,0.3,1.90E-05,-8.60E-02,3.20E-03,0.9,145,,POLYMER,,"ANSYS, Inc.","ANSYS, Inc.",
HENKEL HYSOL HUAWEI KL4500-1,,ELASTIC,ISO,1.90E-09,13000,0.3,1.70E-05,-8.60E-02,3.20E-03,0.7,175,,POLYMER,,"ANSYS, Inc.","ANSYS, Inc.",
HENKEL HYSOL HUAWEI KL4500-1NT,,ELASTIC,ISO,1.90E-09,13000,0.3,1.40E-05,-8.60E-02,3.20E-03,0.7,150,,POLYMER,,"ANSYS, Inc.","ANSYS, Inc.",
HENKEL HYSOL HUAWEI KL5000HT,,ELASTIC,ISO,1.90E-09,22000,0.3,2.20E-05,-8.60E-02,3.20E-03,2.1,155,,POLYMER,,"ANSYS, Inc.","ANSYS, Inc.",
HENKEL HYSOL HUAWEI KL6500H,,ELASTIC,ISO,1.90E-09,16000,0.3,1.20E-05,-8.60E-02,3.20E-03,0.7,130,,POLYMER,,"ANSYS, Inc.","ANSYS, Inc.",
HENKEL HYSOL HUAWEI KL6500S,,ELASTIC,ISO,1.90E-09,13000,0.3,1.40E-05,-8.60E-02,3.20E-03,0.7,150,,POLYMER,,"ANSYS, Inc.","ANSYS, Inc.",
HENKEL HYSOL HUAWEI KL7000HA,,ELASTIC,ISO,1.90E-09,25000,0.3,9.00E-06,-8.60E-02,3.20E-03,0.7,130,,POLYMER,,"ANSYS, Inc.","ANSYS, Inc.",
HENKEL HYSOL HUAWEI KL8500,,ELASTIC,ISO,1.90E-09,25000,0.3,9.00E-06,-8.60E-02,3.20E-03,0.7,115,,POLYMER,,"ANSYS, Inc.","ANSYS, Inc.",
HENKEL HYSOL HUAWEI KLG200,,ELASTIC,ISO,1.90E-09,22000,0.3,2.20E-05,-8.60E-02,3.20E-03,0.9,165,,POLYMER,,"ANSYS, Inc.","ANSYS, Inc.",
HENKEL HYSOL HUAWEI KLG650H,,ELASTIC,ISO,1.90E-09,23000,0.3,1.00E-05,-8.60E-02,3.20E-03,2,120,,POLYMER,,"ANSYS, Inc.","ANSYS, Inc.",
HENKEL HYSOL HUAWEI KLG730,,ELASTIC,ISO,1.90E-09,27000,0.3,7.00E-06,-8.60E-02,3.20E-03,0.7,130,,POLYMER,,"ANSYS, Inc.","ANSYS, Inc.",
HENKEL HYSOL HUAWEI KLG750,,ELASTIC,ISO,1.90E-09,25000,0.3,9.00E-06,-8.60E-02,3.20E-03,0.7,130,,POLYMER,,"ANSYS, Inc.","ANSYS, Inc.",
HENKEL HYSOL HUAWEI KLG900H,,ELASTIC,ISO,1.90E-09,27000,0.3,8.00E-06,-8.60E-02,3.20E-03,0.9,148,,POLYMER,,"ANSYS, Inc.","ANSYS, Inc.",
HENKEL HYSOL MG15F-0140,,ELASTIC,ISO,1.90E-09,15500,0.3,2.30E-05,-8.60E-02,3.20E-03,0.0019,165,,POLYMER,,"ANSYS, Inc.","ANSYS, Inc.",
HENKEL HYSOL MG21F-02,,ELASTIC,ISO,1.90E-09,13000,0.3,2.00E-05,-8.60E-02,3.20E-03,0.0019,170,,POLYMER,,"ANSYS, Inc.","ANSYS, Inc.",
HENKEL HYSOL MG35F,,ELASTIC,ISO,1.90E-09,13300,0.3,2.40E-05,-8.60E-02,3.20E-03,1.3,160,,POLYMER,,"ANSYS, Inc.","ANSYS, Inc.",
HENKEL HYSOL MG40F,,ELASTIC,ISO,1.90E-09,22000,0.3,2.10E-05,-8.60E-02,3.20E-03,0.0019,165,,POLYMER,,"ANSYS, Inc.","ANSYS, Inc.",
HENKEL HYSOL MG45F-0459LS,,ELASTIC,ISO,1.90E-09,19730,0.3,2.30E-05,-8.60E-02,3.20E-03,2,165,,POLYMER,,"ANSYS, Inc.","ANSYS, Inc.",
HITACHI CEL-1620 HF16,,ELASTIC,ISO,1.90E-09,16000,0.3,1.90E-05,-8.60E-02,3.20E-03,0.7,160,,POLYMER,,"ANSYS, Inc.","ANSYS, Inc.",
HITACHI CEL-1620 HF17,,ELASTIC,ISO,1.90E-09,14000,0.3,1.90E-05,-8.60E-02,3.20E-03,0.6,155,,POLYMER,,"ANSYS, Inc.","ANSYS, Inc.",
HITACHI CEL-1702 HF13,,ELASTIC,ISO,1.90E-09,16000,0.3,1.20E-05,-8.60E-02,3.20E-03,0.7,130,,POLYMER,,"ANSYS, Inc.","ANSYS, Inc.",
HITACHI CEL-1802 HF19,,ELASTIC,ISO,1.90E-09,17000,0.3,9.00E-06,-8.60E-02,3.20E-03,1.8,125,,POLYMER,,"ANSYS, Inc.","ANSYS, Inc.",
HITACHI CEL-9200 HF9,,ELASTIC,ISO,1.90E-09,27000,0.3,8.00E-06,-8.60E-02,3.20E-03,0.9,115,,POLYMER,,"ANSYS, Inc.","ANSYS, Inc.",
HITACHI CEL-9200 HF10,,ELASTIC,ISO,1.90E-09,27000,0.3,8.00E-06,-8.60E-02,3.20E-03,0.9,130,,POLYMER,,"ANSYS, Inc.","ANSYS, Inc.",
HITACHI CEL-9240 HF10,,ELASTIC,ISO,1.90E-09,33000,0.3,7.00E-06,-8.60E-02,3.20E-03,2.9,115,,POLYMER,,"ANSYS, Inc.","ANSYS, Inc.",
HITACHI CEL-9700 HF10,,ELASTIC,ISO,1.90E-09,27000,0.3,6.00E-06,-8.60E-02,3.20E-03,0.9,130,,POLYMER,,"ANSYS, Inc.","ANSYS, Inc.",
HITACHI CEL-9750 HF10,,ELASTIC,ISO,1.90E-09,27000,0.3,7.00E-06,-8.60E-02,3.20E-03,2.7,145,,POLYMER,,"ANSYS, Inc.","ANSYS, Inc.",
HITACHI CEL-9750 ZHF10,,ELASTIC,ISO,1.90E-09,26000,0.3,7.00E-06,-8.60E-02,3.20E-03,2.3,155,,POLYMER,,"ANSYS, Inc.","ANSYS, Inc.",
HITACHI GE-100,POTTING,ELASTIC,ISO,1.90E-09,23000,0.3,9.00E-06,-8.60E-02,3.20E-03,2.4,150,,POLYMER,,"ANSYS, Inc.",VKQT38 @ 2018-09-13 14:40:23,
HITACHI GE-110,,ELASTIC,ISO,1.90E-09,22000,0.3,9.00E-06,-8.60E-02,3.20E-03,2.3,160,,POLYMER,,"ANSYS, Inc.","ANSYS, Inc.",
HUMISEAL_1B31,POTTING,ELASTIC,ISO,9.00E-10,"2000@-40C, 1050@20C, 8.5@60C",0.49,"1.7E-4@-65C, 1.7E-4@14C, 3.4E-4@14.5C, 3.4E-4@125C",-8.60E-02,3.20E-03,0.3,,,POLYMER,,"ANSYS, Inc.",UIA69701 @ 2018-05-25 10:40:19,
KEVLAR 29,,ELASTIC,ISO,1.47E-09,70500,0.35,-1.22E-06,-8.60E-02,3.20E-03,0.04,,,POLYMER,3.62E+03,"ANSYS, Inc.","ANSYS, Inc.",
KEVLAR 49,,ELASTIC,ISO,1.47E-09,112400,0.35,-1.50E-06,-8.60E-02,3.20E-03,0.04,,,POLYMER,3.62E+03,"ANSYS, Inc.","ANSYS, Inc.",
KOVAR,LEAD / PAD,ELASTIC,ISO,8.40E-09,138000,0.32,5.30E-06,-7.19E-02,5.02E-03,17.5,,,ALLOY,,"ANSYS, Inc.","ANSYS, Inc.",
KYOCERA,LEAD / PAD / POTTING / DIE,ELASTIC,ISO,1.20E-09,"1964@-40C, 1753@25C, 1024@140C",0.35,"6.2E-5@138.9C, 6E-5@139.1C",-8.60E-02,3.20E-03,0.3,,,ALLOY,,"ANSYS, Inc.",UIA69701 @ 2018-06-21 13:12:51,
KYOCERA KE-300AH,,ELASTIC,ISO,1.90E-09,13500,0.3,1.50E-05,-8.60E-02,3.20E-03,2.3,155,,POLYMER,,"ANSYS, Inc.","ANSYS, Inc.",
KYOCERA KE-300K,,ELASTIC,ISO,1.90E-09,12500,0.3,1.80E-05,-8.60E-02,3.20E-03,2.3,175,,POLYMER,,"ANSYS, Inc.","ANSYS, Inc.",
KYOCERA KE-300TS-1,,ELASTIC,ISO,1.90E-09,12500,0.3,1.80E-05,-8.60E-02,3.20E-03,2.3,170,,POLYMER,,"ANSYS, Inc.","ANSYS, Inc.",
KYOCERA KE-320H,,ELASTIC,ISO,1.90E-09,17000,0.3,1.20E-05,-8.60E-02,3.20E-03,2.3,160,,POLYMER,,"ANSYS, Inc.","ANSYS, Inc.",
KYOCERA KE-850S,,ELASTIC,ISO,1.90E-09,16000,0.3,2.10E-05,-8.60E-02,3.20E-03,2.3,170,,POLYMER,,"ANSYS, Inc.","ANSYS, Inc.",
KYOCERA KE-850SH,,ELASTIC,ISO,1.90E-09,22000,0.3,2.20E-05,-8.60E-02,3.20E-03,2.3,170,,POLYMER,,"ANSYS, Inc.","ANSYS, Inc.",
KYOCERA KE-850SP,,ELASTIC,ISO,1.90E-09,16000,0.3,2.10E-05,-8.60E-02,3.20E-03,2.3,185,,POLYMER,,"ANSYS, Inc.","ANSYS, Inc.",
KYOCERA KE-870,,ELASTIC,ISO,1.90E-09,13500,0.3,1.50E-05,-8.60E-02,3.20E-03,3.4,155,,POLYMER,,"ANSYS, Inc.","ANSYS, Inc.",
KYOCERA KE-1000SV,,ELASTIC,ISO,1.90E-09,12500,0.3,1.50E-05,-8.60E-02,3.20E-03,2.3,200,,POLYMER,,"ANSYS, Inc.","ANSYS, Inc.",
KYOCERA KE-G300FF,,ELASTIC,ISO,1.90E-09,13000,0.3,2.00E-05,-8.60E-02,3.20E-03,2.3,165,,POLYMER,,"ANSYS, Inc.","ANSYS, Inc.",
KYOCERA KE-G1250 AH-GL,,ELASTIC,ISO,1.90E-09,23000,0.3,1.00E-05,-8.60E-02,3.20E-03,0.9,140,,POLYMER,,"ANSYS, Inc.","ANSYS, Inc.",
KYOCERA KE-G1250 AH-J,,ELASTIC,ISO,1.90E-09,29000,0.3,7.00E-06,-8.60E-02,3.20E-03,2.5,140,,POLYMER,,"ANSYS, Inc.","ANSYS, Inc.",
KYOCERA KE-G1250 AH-W3E,,ELASTIC,ISO,1.90E-09,25000,0.3,9.00E-06,-8.60E-02,3.20E-03,2.6,155,,POLYMER,,"ANSYS, Inc.","ANSYS, Inc.",
KYOCERA KE-G1250 TC-S3,,ELASTIC,ISO,1.90E-09,23000,0.3,1.00E-05,-8.60E-02,3.20E-03,0.9,140,,POLYMER,,"ANSYS, Inc.","ANSYS, Inc.",
KYOCERA KE-G1250 TC-S3U,,ELASTIC,ISO,1.90E-09,23000,0.3,1.00E-05,-8.60E-02,3.20E-03,0.9,140,,POLYMER,,"ANSYS, Inc.","ANSYS, Inc.",
KYOCERA KE-G1250 TC-S3W,,ELASTIC,ISO,1.90E-09,23000,0.3,9.00E-06,-8.60E-02,3.20E-03,2.4,150,,POLYMER,,"ANSYS, Inc.","ANSYS, Inc.",
KYOCERA KE-G3000D,,ELASTIC,ISO,1.90E-09,23000,0.3,1.00E-05,-8.60E-02,3.20E-03,0.9,115,,POLYMER,,"ANSYS, Inc.","ANSYS, Inc.",
KYOCERA KE-G3000N-AS,,ELASTIC,ISO,1.90E-09,23000,0.3,1.00E-05,-8.60E-02,3.20E-03,0.9,120,,POLYMER,,"ANSYS, Inc.","ANSYS, Inc.",
KYOCERA KE-G5000,,ELASTIC,ISO,1.90E-09,25000,0.3,1.00E-05,-8.60E-02,3.20E-03,0.9,110,,POLYMER,,"ANSYS, Inc.","ANSYS, Inc.",
LAMINATE-BGA,,ELASTIC,ISO,"1.90e-9@0C, 1.89e-9@50C, 1.88e-9@100C, 1.85e-9@150C","15168@0C, 15167@50C, 15166@100C, 15160@150C",0.2,1.50E-05,-8.60E-02,3.20E-03,0.3,,,POLYMER,,"ANSYS, Inc.","ANSYS, Inc.",
LCP,,ELASTIC,ISO,1.42E-09,9660,0.2,1.20E-05,-8.60E-02,3.20E-03,0.56,,,POLYMER,,"ANSYS, Inc.","ANSYS, Inc.",
LIQUID CRYSTAL POLYMER,,ELASTIC,ISO,1.42E-09,9660,0.2,1.20E-05,-8.60E-02,3.20E-03,0.56,,,POLYMER,,"ANSYS, Inc.","ANSYS, Inc.",
LOCTITE 3563,LEAD / PAD / DIE,ELASTIC,ISO,1.50E-09,2800,0.35,"3.5E-5@-40C, 3.5E-5@129.9C, 1.1E-4@130.1C, 1.1E-4@150C",-8.60E-02,3.20E-03,0.3,,,ALLOY,,"ANSYS, Inc.",UIA69701 @ 2018-06-21 13:10:34,
LOCTITE STYCAST A 316-48,POTTING,ELASTIC,ISO,1.40E-09,"5750@0C, 4710@50C, 3820@100C, 3460@150C",0.49,"6.2E-5@-85C, 6.2E-5@145C, 1.82E-4@145.1C, 1.82E-4@160C",-8.60E-02,3.20E-03,0.3,,,POLYMER,,"ANSYS, Inc.",UIA69701 @ 2018-05-25 10:41:50,
MDM9628,DIE,ELASTIC,ISO,1.90E-09,15168,0.3,1.20E-05,-8.60E-02,3.20E-03,0.3,,,POLYMER,,"ANSYS, Inc.",VKQT38 @ 2019-03-06 15:30:24,
MICRON MT29GZ5A5BPGGA OVERMOLD,POTTING,ELASTIC,ISO,1.66E-09,"115000@-20C, 115000@20C, 110000@100C, 100000@140C",0.3,"1.04E-5@99C, 2.53E-5@101C",-8.60E-02,3.20E-03,0.3,100,,ALLOY,,"ANSYS, Inc.",UIC05170 @ 2019-07-09 09:44:21,
MICRON MT29GZA5BPGGA LAMINATE,POTTING,ELASTIC,ISO,1.66E-09,"115000@-20C, 115000@20C, 110000@100C, 100000@140C",0.3,"1.04E-5@99C, 2.53E-5@101C",-8.60E-02,3.20E-03,0.3,100,,ALLOY,,"ANSYS, Inc.",UIC05170 @ 2019-07-09 09:44:36,
MOUNTHOLE,,ELASTIC,ISO,1.00E-12,1000000,0.3,1.00E-07,-8.60E-02,3.20E-03,0.0001,,,,,,,
MT29RZ4B2DZZHHWD,DIE,ELASTIC,ISO,1.90E-09,15168,0.3,8.50E-06,-8.60E-02,3.20E-03,0.3,,,POLYMER,,"ANSYS, Inc.",VKQT38 @ 2019-03-06 15:23:47,
NICKEL CHROME,LEAD / PAD,ELASTIC,ISO,8.40E-09,221000,0.32,1.40E-05,-8.60E-02,3.20E-03,12.5,,,ALLOY,,"ANSYS, Inc.","ANSYS, Inc.",
NITTO DENKO MP-4000H7,,ELASTIC,ISO,1.90E-09,22000,0.3,2.30E-05,-8.60E-02,3.20E-03,2.51,177,,POLYMER,,"ANSYS, Inc.","ANSYS, Inc.",
NITTO DENKO MP-7000,,ELASTIC,ISO,1.90E-09,16000,0.3,1.60E-05,-8.60E-02,3.20E-03,0.71,130,,POLYMER,,"ANSYS, Inc.","ANSYS, Inc.",
NITTO DENKO MP-7000H,,ELASTIC,ISO,1.90E-09,16000,0.3,1.60E-05,-8.60E-02,3.20E-03,0.71,130,,POLYMER,,"ANSYS, Inc.","ANSYS, Inc.",
NITTO DENKO MP-7000V,,ELASTIC,ISO,1.90E-09,16000,0.3,1.60E-05,-8.60E-02,3.20E-03,0.71,130,,POLYMER,,"ANSYS, Inc.","ANSYS, Inc.",
NITTO DENKO MP-7100,,ELASTIC,ISO,1.90E-09,13000,0.3,1.30E-05,-8.60E-02,3.20E-03,0.75,120,,POLYMER,,"ANSYS, Inc.","ANSYS, Inc.",
NITTO DENKO MP-7100H-3,,ELASTIC,ISO,1.90E-09,26000,0.3,1.10E-05,-8.60E-02,3.20E-03,0.8,120,,POLYMER,,"ANSYS, Inc.","ANSYS, Inc.",
NITTO DENKO MP-7250,,ELASTIC,ISO,1.90E-09,13000,0.3,1.30E-05,-8.60E-02,3.20E-03,0.75,120,,POLYMER,,"ANSYS, Inc.","ANSYS, Inc.",
NITTO DENKO MP-7410TA,,ELASTIC,ISO,1.90E-09,22000,0.3,8.00E-06,-8.60E-02,3.20E-03,0.88,115,,POLYMER,,"ANSYS, Inc.","ANSYS, Inc.",
NITTO DENKO MP-8000A,,ELASTIC,ISO,1.90E-09,13000,0.3,1.80E-05,-8.60E-02,3.20E-03,0.67,163,,POLYMER,,"ANSYS, Inc.","ANSYS, Inc.",
NITTO DENKO MP-8000AHP,,ELASTIC,ISO,1.90E-09,13000,0.3,1.80E-05,-8.60E-02,3.20E-03,0.67,163,,POLYMER,,"ANSYS, Inc.","ANSYS, Inc.",
NITTO DENKO MP-8000CH4,,ELASTIC,ISO,1.90E-09,18600,0.3,1.30E-05,-8.60E-02,3.20E-03,0.0018,155,,POLYMER,,"ANSYS, Inc.","ANSYS, Inc.",
NITTO DENKO MP-8950CH,,ELASTIC,ISO,1.90E-09,26000,0.3,1.00E-05,-8.60E-02,3.20E-03,0.76,130,,POLYMER,,"ANSYS, Inc.","ANSYS, Inc.",
NITTO HC-30-2,,ELASTIC,ISO,1.90E-09,15000,0.25,2.87E-05,-8.60E-02,3.20E-03,1.47,,,POLYMER,,"ANSYS, Inc.","ANSYS, Inc.",
NITTO HC-100-X1,,ELASTIC,ISO,1.90E-09,27000,0.25,6.25E-06,-8.60E-02,3.20E-03,0.97,,,POLYMER,,"ANSYS, Inc.","ANSYS, Inc.",
NITTO MP-4000H7,,ELASTIC,ISO,1.90E-09,22000,0.25,2.36E-05,-8.60E-02,3.20E-03,2.51,177,,POLYMER,,"ANSYS, Inc.","ANSYS, Inc.",
NITTO MP-7000,,ELASTIC,ISO,1.90E-09,16000,0.25,1.67E-05,-8.60E-02,3.20E-03,0.71,130,,POLYMER,,"ANSYS, Inc.","ANSYS, Inc.",
NITTO MP-7000H,,ELASTIC,ISO,1.90E-09,16000,0.25,1.67E-05,-8.60E-02,3.20E-03,0.71,130,,POLYMER,,"ANSYS, Inc.","ANSYS, Inc.",
NITTO MP-7000V,,ELASTIC,ISO,1.90E-09,16000,0.25,1.67E-05,-8.60E-02,3.20E-03,0.71,130,,POLYMER,,"ANSYS, Inc.","ANSYS, Inc.",
NITTO MP-7100,,ELASTIC,ISO,1.90E-09,19000,0.25,1.36E-05,-8.60E-02,3.20E-03,0.75,120,,POLYMER,,"ANSYS, Inc.","ANSYS, Inc.",
NITTO MP-7100H-3,,ELASTIC,ISO,1.90E-09,19000,0.25,1.15E-05,-8.60E-02,3.20E-03,0.8,120,,POLYMER,,"ANSYS, Inc.","ANSYS, Inc.",
NITTO MP-7250,,ELASTIC,ISO,1.90E-09,15000,0.25,1.36E-05,-8.60E-02,3.20E-03,0.75,120,,POLYMER,,"ANSYS, Inc.","ANSYS, Inc.",
NITTO MP-7410TA,,ELASTIC,ISO,1.90E-09,27000,0.25,8.32E-06,-8.60E-02,3.20E-03,0.88,115,,POLYMER,,"ANSYS, Inc.","ANSYS, Inc.",
NITTO MP-8000A,,ELASTIC,ISO,1.90E-09,13000,0.25,1.87E-05,-8.60E-02,3.20E-03,0.67,163,,POLYMER,,"ANSYS, Inc.","ANSYS, Inc.",
NITTO MP-8000AHP,,ELASTIC,ISO,1.90E-09,13000,0.25,1.87E-05,-8.60E-02,3.20E-03,0.67,163,,POLYMER,,"ANSYS, Inc.","ANSYS, Inc.",
NITTO MP-8950CH,,ELASTIC,ISO,1.90E-09,20000,0.25,1.04E-05,-8.60E-02,3.20E-03,0.76,130,,POLYMER,,"ANSYS, Inc.","ANSYS, Inc.",
NYLON,,ELASTIC,ISO,1.14E-09,3100,0.4,1.47E-04,-8.60E-02,3.20E-03,0.243,50,,POLYMER,4.50E+02,"ANSYS, Inc.","ANSYS, Inc.",
NYLON (PA66),,ELASTIC,ISO,1.14E-09,3100,0.4,1.30E-04,-8.60E-02,3.20E-03,0.24,50,,POLYMER,4.50E+02,"ANSYS, Inc.","ANSYS, Inc.",
NYLON (PA612),,ELASTIC,ISO,1.06E-09,2400,0.4,9.00E-05,-8.60E-02,3.20E-03,0.2175,46,,POLYMER,4.50E+02,"ANSYS, Inc.","ANSYS, Inc.",
OVERMOLD-BGA,,ELASTIC,ISO,1.90E-09,15857,0.25,1.50E-05,-8.60E-02,3.20E-03,0.8,150,,POLYMER,,"ANSYS, Inc.","ANSYS, Inc.",
OVERMOLD-LEADED,,ELASTIC,ISO,1.90E-09,26500,0.3,1.40E-05,-8.60E-02,3.20E-03,,150,,POLYMER,,"ANSYS, Inc.","ANSYS, Inc.",
OVERMOLD-QFN,,ELASTIC,ISO,1.90E-09,26500,0.3,8.00E-06,-8.60E-02,3.20E-03,0.85,150,,POLYMER,,"ANSYS, Inc.","ANSYS, Inc.",
OVERMOLD-QFN-7PPM,,ELASTIC,ISO,1.90E-09,26500,0.3,7.00E-06,-8.60E-02,3.20E-03,0.85,150,,POLYMER,,"ANSYS, Inc.","ANSYS, Inc.",
OVERMOLD-QFN-9PPM,,ELASTIC,ISO,1.90E-09,26500,0.3,9.00E-06,-8.60E-02,3.20E-03,0.85,150,,POLYMER,,"ANSYS, Inc.","ANSYS, Inc.",
OVERMOLD-QFN-10PPM,,ELASTIC,ISO,1.90E-09,26500,0.3,1.00E-05,-8.60E-02,3.20E-03,0.85,150,,POLYMER,,"ANSYS, Inc.","ANSYS, Inc.",
OVERMOLD-QFN-11PPM,,ELASTIC,ISO,1.90E-09,26500,0.3,1.10E-05,-8.60E-02,3.20E-03,0.85,150,,POLYMER,,"ANSYS, Inc.","ANSYS, Inc.",
OVERMOLD-QFN-12PPM,,ELASTIC,ISO,1.90E-09,26500,0.3,1.20E-05,-8.60E-02,3.20E-03,0.8,150,,POLYMER,,"ANSYS, Inc.","ANSYS, Inc.",
PETERS SL1307,POTTING,ELASTIC,ISO,9.50E-10,"1480@-40C, 930@0C, 427@25C, 29@50C, 0.1@100C, 0.1@130C",0.49,"1.6E-4@-40C, 1.6E-4@-4C, 3E-4@-3C, 3E-4@130C",-8.60E-02,3.20E-03,0.3,,,POLYMER,,"ANSYS, Inc.",UIA69701 @ 2018-05-25 10:45:47,
PLASKON 3400,,ELASTIC,ISO,1.90E-09,18600,0.25,2.00E-05,-8.60E-02,3.20E-03,0.7,140,,POLYMER,,"ANSYS, Inc.","ANSYS, Inc.",
PMD9607,DIE,ELASTIC,ISO,1.90E-09,15168,0.3,8.50E-06,-8.60E-02,3.20E-03,0.3,,,POLYMER,,"ANSYS, Inc.",VKQT38 @ 2019-03-06 15:24:14,
POLYBUTYLENE TEREPHTHALATE,,ELASTIC,ISO,1.34E-09,2550,0.4,1.40E-04,-8.60E-02,3.20E-03,0.2795,66,,POLYMER,,"ANSYS, Inc.","ANSYS, Inc.",
POLYCARBONATE,,ELASTIC,ISO,1.42E-09,2600,0.37,4.05E-05,-8.60E-02,3.20E-03,0.305,147,,POLYMER,,"ANSYS, Inc.","ANSYS, Inc.",
POLYESTER,POTTING,ELASTIC,ISO,1.11E-09,4000,0.38,1.20E-04,-8.60E-02,3.20E-03,0.1575,-67,,POLYMER,,"ANSYS, Inc.",shoetzel @ 2020-11-16 09:26:41,
POLYMER DIELECTRIC,DIE,ELASTIC,ISO,1.39E-12,3000,0.33,5.50E-05,-8.60E-02,3.20E-03,0.3,,,ALLOY,,"ANSYS, Inc.",UIC05170 @ 2019-05-23 17:10:36,
POLYPHENYLENE OXIDE,,ELASTIC,ISO,1.90E-09,2500,0.38,1.63E-05,-8.60E-02,3.20E-03,0.403,215,,POLYMER,3.00E+01,"ANSYS, Inc.","ANSYS, Inc.",
POLYPHENYLENE SULPHIDE,,ELASTIC,ISO,1.35E-09,3312,0.38,5.04E-05,-8.60E-02,3.20E-03,0.288,218,,POLYMER,3.00E+01,"ANSYS, Inc.","ANSYS, Inc.",
POLYPHENYLENEOXIDE,,ELASTIC,ISO,1.90E-09,2500,0.38,1.63E-05,-8.60E-02,3.20E-03,,,,POLYMER,3.00E+01,"ANSYS, Inc.","ANSYS, Inc.",
POLYPHENYLENESULPHIDE,,ELASTIC,ISO,1.35E-09,3312,0.38,5.04E-05,-8.60E-02,3.20E-03,0.288,,,POLYMER,3.00E+01,"ANSYS, Inc.","ANSYS, Inc.",
POLYPROPYLENE,,ELASTIC,ISO,9.15E-10,1139,0.4,6.00E-05,-8.60E-02,3.20E-03,0.145,-10,,POLYMER,,"ANSYS, Inc.","ANSYS, Inc.",
POTTING MATERIAL,POTTING,ELASTIC,ISO,1.80E-09,11700,0.3,1.70E-04,-8.60E-02,3.20E-03,0.3,,,POLYMER,1.50E+01,"ANSYS, Inc.",shoetzel @ 2020-09-23 08:06:45,
POTTING MATERIAL HENKEL (HYSOL) US5500,POTTING,ELASTIC,ISO,9.70E-10,"52.7@-40C, 47.8@-25C, 29.3@0C, 11.3@25C, 5.2@65C, 4.2@85C, 3.3@125C, 3.3@150C",0.49,5.20E-04,-8.60E-02,3.20E-03,0.3,,,POLYMER,,"ANSYS, Inc.",UIA69701 @ 2018-05-25 10:48:59,
PSA 3M 9460,PAD,ELASTIC,ISO,1.10E-09,"503@-40C, 0.1@25C, 0.1@175C",0.46,"1.29E-4@-0.1C, 3.4E-4@0.1C",-8.60E-02,3.20E-03,0.3,,,ALLOY,,"ANSYS, Inc.",UIA69701 @ 2018-07-12 08:28:34,
PSA 3M VHB F9469PC,POTTING,ELASTIC,ISO,9.80E-10,0.5,0.49,7.70E-04,-8.60E-02,3.20E-03,0.3,,,POLYMER,,"ANSYS, Inc.",UIA69701 @ 2018-05-25 10:50:42,
PSA 3M VHB F9473PC,POTTING,ELASTIC,ISO,9.80E-10,0.5,0.49,7.70E-04,-8.60E-02,3.20E-03,0.3,,,POLYMER,,"ANSYS, Inc.",UIA69701 @ 2018-05-25 10:52:19,
PSA 9085,POTTING,ELASTIC,ISO,9.80E-10,"503.3@-40C, 0.1@25C, 0.1@175C",0.45,"1.29E-4@-50C, 1.29E-4@0C, 3.4E-4@1C, 3.4E-4@150C",-8.60E-02,3.20E-03,0.3,,,ALLOY,,"ANSYS, Inc.",UIA69701 @ 2018-05-25 10:55:21,
QUAL SDR LAM (QC MEAS),POTTING,ELASTIC,ISO,1.66E-09,"115000@-20C, 115000@20C, 110000@100C, 100000@140C",0.3,1.78E-05,-8.60E-02,3.20E-03,0.3,95,,ALLOY,,"ANSYS, Inc.",VKQT38 @ 2019-08-08 16:06:27,
QUAL SDR MOLD (QC MEAS),POTTING,ELASTIC,ISO,1.66E-09,"115000@-20C, 115000@20C, 110000@100C, 100000@140C",0.3,1.80E-05,-8.60E-02,3.20E-03,0.3,95,,ALLOY,,"ANSYS, Inc.",VKQT38 @ 2019-08-08 16:05:40,
QUALCOMM PMX24,DIE,ELASTIC,ISO,2.33E-09,130000,0.18,"2.8E-6@-14C, 2.801E-6@20.4C, 2.812E-6@46.3C, 2.882E-6@65.7C, 3.138E-6@80.2C, 3.719E-6@91.1C, 4.584E-6@99.3C, 5.509E-6@105.4C, 6.3E-6@110C, 6.774E-6@112.7C",-8.60E-02,3.20E-03,15.6,110,,CERAMIC,7.00E+03,"ANSYS, Inc.",UIC05170 @ 2019-07-22 09:52:21,
QUALCOMM QET5100,DIE,ELASTIC,ISO,2.33E-09,130000,0.18,"2.8E-6@-14C, 2.801E-6@20.4C, 2.812E-6@46.3C, 2.882E-6@65.7C, 3.138E-6@80.2C, 3.719E-6@91.1C, 4.584E-6@99.3C, 5.509E-6@105.4C, 6.3E-6@110C, 6.774E-6@112.7C",-8.60E-02,3.20E-03,15.6,110,,CERAMIC,7.00E+03,"ANSYS, Inc.",UIC05170 @ 2019-07-22 09:55:17,
QUALCOMM SA415 LAM (QC MEAS),POTTING,ELASTIC,ISO,1.66E-09,"115000@-20C, 115000@20C, 110000@100C, 100000@140C",0.3,1.83E-05,-8.60E-02,3.20E-03,0.3,117,,ALLOY,,"ANSYS, Inc.",VKQT38 @ 2019-08-08 16:05:05,
QUALCOMM SA415 MOLD (QC MEAS),POTTING,ELASTIC,ISO,1.66E-09,"115000@-20C, 115000@20C, 110000@100C, 100000@140C",0.3,9.00E-06,-8.60E-02,3.20E-03,0.3,117,,ALLOY,,"ANSYS, Inc.",VKQT38 @ 2019-08-08 16:04:22,
QUALCOMM SA415M LAMINATE,POTTING,ELASTIC,ISO,1.66E-09,"115000@-20C, 115000@20C, 110000@100C, 100000@140C",0.3,"1.1E-5@50C, 2.576E-5@118C",-8.60E-02,3.20E-03,0.3,117,,ALLOY,,"ANSYS, Inc.",UIC05170 @ 2019-07-08 13:07:44,
QUALCOMM SA415M OVERMOLD,POTTING,ELASTIC,ISO,1.66E-09,"115000@-20C, 115000@20C, 110000@100C, 100000@140C",0.3,"1.1E-5@-12.1C, 1.1E-5@23.7C, 1.104E-5@50.7C, 1.127E-5@70.8C, 1.218E-5@86C, 1.437E-5@97.3C, 1.778E-5@105.8C, 2.152E-5@112.2C, 2.475E-5@117C",-8.60E-02,3.20E-03,0.3,117,,ALLOY,,"ANSYS, Inc.",UIC05170 @ 2019-07-22 09:47:00,
QUALCOMM SDR8150,POTTING,ELASTIC,ISO,1.66E-09,"115000@-20C, 115000@20C, 110000@100C, 100000@140C",0.3,"8.756E-6@13.2C, 8.924E-6@46.7C, 1.011E-5@67.9C, 1.317E-5@81.3C, 1.685E-5@89.7C, 1.969E-5@95C, 2.196E-5@99.2C, 2.605E-5@108.3C, 2.984E-5@127.9C",-8.60E-02,3.20E-03,0.3,95,,ALLOY,,"ANSYS, Inc.",UIC05170 @ 2019-07-22 09:53:52,
S-GLASS,FIBER,ELASTIC,ISO,2.49E-09,89000,0.22,2.85E-06,-8.60E-02,3.20E-03,1.3,,,CERAMIC,4.71E+03,"ANSYS, Inc.","ANSYS, Inc.",
SEMICOSIL_964 WACKER,POTTING,ELASTIC,ISO,1.00E-09,0.3,0.49,3.25E-04,-8.60E-02,3.20E-03,0.3,,,POLYMER,,"ANSYS, Inc.",UIA69701 @ 2018-05-25 10:56:40,
SHIN ETSU KMC-103,,ELASTIC,ISO,1.90E-09,13000,0.3,2.00E-05,-8.60E-02,3.20E-03,0.6,175,,POLYMER,,"ANSYS, Inc.","ANSYS, Inc.",
SHIN ETSU KMC-120MK,,ELASTIC,ISO,1.90E-09,23000,0.3,2.00E-05,-8.60E-02,3.20E-03,2.5,170,,POLYMER,,"ANSYS, Inc.","ANSYS, Inc.",
SHIN ETSU KMC-125,,ELASTIC,ISO,1.90E-09,21000,0.3,2.00E-05,-8.60E-02,3.20E-03,2.3,170,,POLYMER,,"ANSYS, Inc.","ANSYS, Inc.",
SHIN ETSU KMC-130,,ELASTIC,ISO,1.90E-09,14000,0.3,1.90E-05,-8.60E-02,3.20E-03,0.6,165,,POLYMER,,"ANSYS, Inc.","ANSYS, Inc.",
SHIN ETSU KMC-180,,ELASTIC,ISO,1.90E-09,13000,0.3,1.30E-05,-8.60E-02,3.20E-03,0.6,165,,POLYMER,,"ANSYS, Inc.","ANSYS, Inc.",
SHIN ETSU KMC-184,,ELASTIC,ISO,1.90E-09,13000,0.3,1.30E-05,-8.60E-02,3.20E-03,0.6,165,,POLYMER,,"ANSYS, Inc.","ANSYS, Inc.",
SHIN ETSU KMC-188,,ELASTIC,ISO,1.90E-09,13000,0.3,1.30E-05,-8.60E-02,3.20E-03,0.6,170,,POLYMER,,"ANSYS, Inc.","ANSYS, Inc.",
SHIN ETSU KMC-211,,ELASTIC,ISO,1.90E-09,19000,0.3,1.10E-05,-8.60E-02,3.20E-03,1,190,,POLYMER,,"ANSYS, Inc.","ANSYS, Inc.",
SHIN ETSU KMC-218,,ELASTIC,ISO,1.90E-09,18000,0.3,1.30E-05,-8.60E-02,3.20E-03,0.7,185,,POLYMER,,"ANSYS, Inc.","ANSYS, Inc.",
SHIN ETSU KMC-284,,ELASTIC,ISO,1.90E-09,25000,0.3,9.00E-06,-8.60E-02,3.20E-03,2.6,135,,POLYMER,,"ANSYS, Inc.","ANSYS, Inc.",
SHIN ETSU KMC-289,,ELASTIC,ISO,1.90E-09,19000,0.3,1.10E-05,-8.60E-02,3.20E-03,1,145,,POLYMER,,"ANSYS, Inc.","ANSYS, Inc.",
SHIN ETSU KMC-300,,ELASTIC,ISO,1.90E-09,22000,0.3,1.10E-05,-8.60E-02,3.20E-03,2.4,135,,POLYMER,,"ANSYS, Inc.","ANSYS, Inc.",
SHIN ETSU KMC-520,,ELASTIC,ISO,1.90E-09,22000,0.3,2.10E-05,-8.60E-02,3.20E-03,2.1,155,,POLYMER,,"ANSYS, Inc.","ANSYS, Inc.",
SHIN ETSU KMC-2520,,ELASTIC,ISO,1.90E-09,18000,0.3,1.30E-05,-8.60E-02,3.20E-03,0.9,150,,POLYMER,,"ANSYS, Inc.","ANSYS, Inc.",
SHIN ETSU KMC-2520H-7,,ELASTIC,ISO,1.90E-09,18000,0.3,1.30E-05,-8.60E-02,3.20E-03,0.9,150,,POLYMER,,"ANSYS, Inc.","ANSYS, Inc.",
SHIN ETSU KMC-2520H-8,,ELASTIC,ISO,1.90E-09,18000,0.3,1.40E-05,-8.60E-02,3.20E-03,0.9,150,,POLYMER,,"ANSYS, Inc.","ANSYS, Inc.",
SHIN ETSU KMC-3510,,ELASTIC,ISO,1.90E-09,21000,0.3,9.00E-06,-8.60E-02,3.20E-03,2.2,145,,POLYMER,,"ANSYS, Inc.","ANSYS, Inc.",
SHIN ETSU KMC-3580,,ELASTIC,ISO,1.90E-09,21000,0.3,1.10E-05,-8.60E-02,3.20E-03,2.3,135,,POLYMER,,"ANSYS, Inc.","ANSYS, Inc.",
SHIN ETSU KMC-3800,,ELASTIC,ISO,1.90E-09,22000,0.3,9.00E-06,-8.60E-02,3.20E-03,2.3,135,,POLYMER,,"ANSYS, Inc.","ANSYS, Inc.",
SHIN ETSU KMC-6000,,ELASTIC,ISO,1.90E-09,22000,0.3,8.00E-06,-8.60E-02,3.20E-03,2.4,140,,POLYMER,,"ANSYS, Inc.","ANSYS, Inc.",
SHINITSU 383,POTTING,ELASTIC,ISO,1.01E-09,"0.8@-40C, 0.7@0C, 0.8@25C, 0.8@50C, 0.9@100C, 1@150C",0.49,3.60E-04,-8.60E-02,3.20E-03,0.3,,,POLYMER,,"ANSYS, Inc.",UIA69701 @ 2018-05-25 10:59:13,
SIFEL 614 MOATS,POTTING,ELASTIC,ISO,1.85E-09,"6.5@-40C, 1.2@0C, 0.9@25C, 0.8@125C",0.49,3.00E-04,-8.60E-02,3.20E-03,0.3,,,POLYMER,,"ANSYS, Inc.",UIA69701 @ 2018-05-25 11:01:02,
SIGEL DC 3-6635 (BRANCHED),RESIN / POTTING,ELASTIC,ISO,9.70E-10,0,0.49,4.04E-04,-8.60E-02,3.20E-03,0.3,,,POLYMER,,"ANSYS, Inc.",shoetzel @ 2021-02-19 14:19:12,
SILCON MAY23,DIE,ELASTIC,ISO,2.40E-12,22000,0.278,2.60E-06,-8.60E-02,3.20E-03,0.3,,,ALLOY,,"ANSYS, Inc.",UIC05170 @ 2019-05-23 17:07:55,
SILICON,PAD / DIE,ELASTIC,ISO,2.33E-09,130000,0.18,2.60E-06,-8.60E-02,3.20E-03,15.6,,,CERAMIC,7.00E+03,"ANSYS, Inc.",shoetzel @ 2020-08-21 14:07:48,
SILICONE RTV566,,ELASTIC,ISO,1.50E-09,0.6,0.49,3.30E-04,-8.60E-02,3.20E-03,5.5,,,POLYMER,,"ANSYS, Inc.","ANSYS, Inc.",
SILVER,PAD,ELASTIC,ISO,1.05E-08,76000,0.37,1.97E-05,-8.60E-02,3.20E-03,406,,,ALLOY,,"ANSYS, Inc.","ANSYS, Inc.",
STEEL,LEAD / PAD,ELASTIC,ISO,7.85E-09,190000,0.27,1.20E-05,-8.60E-02,4.25E-03,50.2,"1,095.00",,ALLOY,2.50E+02,"ANSYS, Inc.","ANSYS, Inc.",
SUMI EME-6300H,,ELASTIC,ISO,1.90E-09,11300,0.25,1.77E-05,-8.60E-02,3.20E-03,0.67,170,,POLYMER,,"ANSYS, Inc.","ANSYS, Inc.",
SUMI EME-6600CS,,ELASTIC,ISO,1.90E-09,20600,0.25,1.04E-05,-8.60E-02,3.20E-03,0.75,155,,POLYMER,,"ANSYS, Inc.","ANSYS, Inc.",
SUMI EME-6600H,,ELASTIC,ISO,1.90E-09,26500,0.25,8.34E-06,-8.60E-02,3.20E-03,0.92,155,,POLYMER,,"ANSYS, Inc.","ANSYS, Inc.",
SUMI EME-6650R,,ELASTIC,ISO,1.90E-09,18600,0.25,1.15E-05,-8.60E-02,3.20E-03,0.67,165,,POLYMER,,"ANSYS, Inc.","ANSYS, Inc.",
SUMI EME-6710S,,ELASTIC,ISO,1.90E-09,11300,0.25,1.37E-05,-8.60E-02,3.20E-03,0.67,165,,POLYMER,,"ANSYS, Inc.","ANSYS, Inc.",
SUMITOMO EME-6300H,,ELASTIC,ISO,1.90E-09,11800,0.3,1.70E-05,-8.60E-02,3.20E-03,0.67,170,,POLYMER,,"ANSYS, Inc.","ANSYS, Inc.",
SUMITOMO EME-6600CS,,ELASTIC,ISO,1.90E-09,26000,0.3,1.00E-05,-8.60E-02,3.20E-03,0.75,155,,POLYMER,,"ANSYS, Inc.","ANSYS, Inc.",
SUMITOMO EME-6600H,,ELASTIC,ISO,1.90E-09,20000,0.3,8.00E-06,-8.60E-02,3.20E-03,0.92,155,,POLYMER,,"ANSYS, Inc.","ANSYS, Inc.",
SUMITOMO EME-6650R,,ELASTIC,ISO,1.90E-09,19000,0.3,1.10E-05,-8.60E-02,3.20E-03,0.75,165,,POLYMER,,"ANSYS, Inc.","ANSYS, Inc.",
SUMITOMO EME-6710S,,ELASTIC,ISO,1.90E-09,13000,0.3,1.30E-05,-8.60E-02,3.20E-03,0.67,165,,POLYMER,,"ANSYS, Inc.","ANSYS, Inc.",
SUMITOMO EME-7304,,ELASTIC,ISO,1.90E-09,18000,0.3,1.30E-05,-8.60E-02,3.20E-03,0.7,150,,POLYMER,,"ANSYS, Inc.","ANSYS, Inc.",
SUMITOMO EME-E630L,,ELASTIC,ISO,1.90E-09,26000,0.3,1.00E-05,-8.60E-02,3.20E-03,0.75,135,,POLYMER,,"ANSYS, Inc.","ANSYS, Inc.",
SUMITOMO EME-G600,,ELASTIC,ISO,1.90E-09,24000,0.3,1.00E-05,-8.60E-02,3.20E-03,2.5,130,,POLYMER,,"ANSYS, Inc.","ANSYS, Inc.",
SUMITOMO EME-G600F,,ELASTIC,ISO,1.90E-09,24500,0.3,9.00E-06,-8.60E-02,3.20E-03,0.9,135,,POLYMER,,"ANSYS, Inc.","ANSYS, Inc.",
SUMITOMO EME-G630L,,ELASTIC,ISO,1.90E-09,26000,0.3,1.00E-05,-8.60E-02,3.20E-03,0.75,125,,POLYMER,,"ANSYS, Inc.","ANSYS, Inc.",
SUMITOMO EME-G631H,,ELASTIC,ISO,1.90E-09,25000,0.3,9.00E-06,-8.60E-02,3.20E-03,1,135,,POLYMER,,"ANSYS, Inc.","ANSYS, Inc.",
SUMITOMO EME-G700,,ELASTIC,ISO,1.90E-09,19000,0.3,1.20E-05,-8.60E-02,3.20E-03,2,130,,POLYMER,,"ANSYS, Inc.","ANSYS, Inc.",
SUMITOMO EME-G700L,,ELASTIC,ISO,1.90E-09,25000,0.3,8.00E-06,-8.60E-02,3.20E-03,0.9,140,,POLYMER,,"ANSYS, Inc.","ANSYS, Inc.",
SUMITOMO EME-G720,,ELASTIC,ISO,1.90E-09,24000,0.3,9.00E-06,-8.60E-02,3.20E-03,0.9,170,,POLYMER,,"ANSYS, Inc.","ANSYS, Inc.",
SUMITOMO EME-G750,,ELASTIC,ISO,1.90E-09,26000,0.3,1.00E-05,-8.60E-02,3.20E-03,0.75,165,,POLYMER,,"ANSYS, Inc.","ANSYS, Inc.",
SUMITOMO EME-G755,,ELASTIC,ISO,1.90E-09,23000,0.3,9.00E-06,-8.60E-02,3.20E-03,2.4,175,,POLYMER,,"ANSYS, Inc.","ANSYS, Inc.",
SUMITOMO EME-G760 TYPE YA,,ELASTIC,ISO,1.90E-09,26000,0.3,8.00E-06,-8.60E-02,3.20E-03,0.9,155,,POLYMER,,"ANSYS, Inc.","ANSYS, Inc.",
SUMITOMO EME-G770,,ELASTIC,ISO,1.90E-09,26000,0.3,9.00E-06,-8.60E-02,3.20E-03,0.8,140,,POLYMER,,"ANSYS, Inc.","ANSYS, Inc.",
SUMITOMO EME-G770 TYPE LP,,ELASTIC,ISO,1.90E-09,25000,0.3,9.00E-06,-8.60E-02,3.20E-03,1,135,,POLYMER,,"ANSYS, Inc.","ANSYS, Inc.",
SUMITOMO EME-G790,,ELASTIC,ISO,1.90E-09,25000,0.3,9.00E-06,-8.60E-02,3.20E-03,0.9,160,,POLYMER,,"ANSYS, Inc.","ANSYS, Inc.",
SUMITOMO G720E THERMOSET,POTTING,ELASTIC,ISO,1.66E-09,15500,0.38,"1.1E1@194.9C, 4.6E1@195.1C",-8.60E-02,3.20E-03,0.3,195,,POLYMER,,"ANSYS, Inc.",UIA69701 @ 2018-07-02 15:53:00,
SUPPORTPIN,,ELASTIC,ISO,1.00E-12,1000000,0.3,1.00E-07,-8.60E-02,3.20E-03,0.0001,,,,,,,
TANTALUM,,ELASTIC,ISO,1.67E-08,186000,0.34,6.50E-06,-8.60E-02,3.20E-03,54,,,ALLOY,,"ANSYS, Inc.","ANSYS, Inc.",
TCA DOW CORNING 1-4173,POTTING,ELASTIC,ISO,2.70E-09,"61@-40C, 51@0C, 48@40C, 46@80C, 44@120C, 42@170C",0.48,1.25E-04,-8.60E-02,3.20E-03,0.3,,,POLYMER,,"ANSYS, Inc.",UIA69701 @ 2018-05-25 11:06:13,
TESTPT,,ELASTIC,ISO,1.00E-12,10,0.3,1.00E-07,-8.60E-02,3.20E-03,0.0001,,,,,,,
TI_DRV8703 QFN,LEAD / PAD / POTTING / DIE,ELASTIC,ISO,1.90E-09,26500,0.3,9.60E-06,-8.60E-02,3.20E-03,0.85,150,,POLYMER,,"ANSYS, Inc.",VKQT38 @ 2018-08-10 10:54:30,
UF,POTTING,ELASTIC,ISO,1.67E-09,7600,0.3,1.90E-05,-8.60E-02,3.20E-03,0.3,150,,ALLOY,,"ANSYS, Inc.",UIA69701 @ 2018-07-05 14:58:07,
USG,LEAD / PAD,ELASTIC,ISO,8.90E-09,66000,0.18,5.70E-07,-8.60E-02,3.20E-03,385,,,ALLOY,,"ANSYS, Inc.",shoetzel @ 2020-08-21 14:07:36,
WLP676,LEAD / PAD / WIREBOND / POTTING / DIE,ELASTIC,ISO,1.87E-09,"74600@-50C, 73200@-30C, 73600@20C, 72800@110C, 71400@130C, 69400@150C, 68300@170C",0.35,"2.23E-6@-40C, 2.23E-6@89.9C, 3.77E-6@90.1C, 3.77E-6@150C",-8.60E-02,3.20E-03,0.3,90,,ALLOY,,"ANSYS, Inc.",UIA69701 @ 2018-08-01 10:29:29,
WTR2965,DIE,ELASTIC,ISO,1.90E-09,15168,0.3,5.00E-06,-8.60E-02,3.20E-03,0.3,,,POLYMER,,"ANSYS, Inc.",VKQT38 @ 2019-03-06 15:38:12,
WTR2965 MOLD,DIE,ELASTIC,ISO,2.02E-12,22000,0.4,"7E-6@164C, 3E-5@166C",-8.60E-02,3.20E-03,0.3,165,,POLYMER,,"ANSYS, Inc.",UIC05170 @ 2019-06-20 09:00:53,
ZERO STIFFNESS,RESIN,ELASTIC,ISO,1.66E-09,1000,0.3,1.50E-15,-8.60E-02,3.20E-03,0.0001,,,ALLOY,,"ANSYS, Inc.",shoetzel @ 2021-02-22 16:03:12,
ZINC OXIDE,,ELASTIC,ISO,5.68E-09,100000,0.363,4.00E-06,-8.60E-02,3.20E-03,21,,,CERAMIC,5.00E+01,"ANSYS, Inc.","ANSYS, Inc.",
